32,32,31.25000000
31,63,32.25806452
31,94,32.25806452
31,125,32.25806452
30,155,33.33333333
30,185,33.33333333
31,216,32.25806452
30,246,33.33333333
32,278,31.25000000
31,309,32.25806452
30,339,33.33333333
30,369,33.33333333
31,400,32.25806452
31,431,32.25806452
31,462,32.25806452
31,493,32.25806452
33,526,30.30303030
32,558,31.25000000
32,590,31.25000000
31,621,32.25806452
32,653,31.25000000
31,684,32.25806452
32,716,31.25000000
30,746,33.33333333
30,776,33.33333333
31,807,32.25806452
30,837,33.33333333
30,867,33.33333333
30,897,33.33333333
31,928,32.25806452
30,958,33.33333333
30,988,33.33333333
31,1019,32.25806452
31,1050,32.25806452
31,1081,32.25806452
31,1112,32.25806452
31,1143,32.25806452
30,1173,33.33333333
31,1204,32.25806452
29,1233,34.48275862
31,1264,32.25806452
30,1294,33.33333333
29,1323,34.48275862
30,1353,33.33333333
30,1383,33.33333333
30,1413,33.33333333
30,1443,33.33333333
30,1473,33.33333333
29,1502,34.48275862
29,1531,34.48275862
30,1561,33.33333333
30,1591,33.33333333
31,1622,32.25806452
30,1652,33.33333333
30,1682,33.33333333
31,1713,32.25806452
31,1744,32.25806452
31,1775,32.25806452
31,1806,32.25806452
29,1835,34.48275862
30,1865,33.33333333
30,1895,33.33333333
30,1925,33.33333333
31,1956,32.25806452
31,1987,32.25806452
31,2018,32.25806452
31,2049,32.25806452
30,2079,33.33333333
30,2109,33.33333333
31,2140,32.25806452
31,2171,32.25806452
30,2201,33.33333333
30,2231,33.33333333
30,2261,33.33333333
30,2291,33.33333333
30,2321,33.33333333
29,2350,34.48275862
30,2380,33.33333333
29,2409,34.48275862
30,2439,33.33333333
29,2468,34.48275862
30,2498,33.33333333
32,2530,31.25000000
31,2561,32.25806452
30,2591,33.33333333
31,2622,32.25806452
30,2652,33.33333333
29,2681,34.48275862
30,2711,33.33333333
30,2741,33.33333333
30,2771,33.33333333
30,2801,33.33333333
31,2832,32.25806452
30,2862,33.33333333
31,2893,32.25806452
29,2922,34.48275862
30,2952,33.33333333
30,2982,33.33333333
29,3011,34.48275862
29,3040,34.48275862
29,3069,34.48275862
28,3097,35.71428571
28,3125,35.71428571
30,3155,33.33333333
29,3184,34.48275862
30,3214,33.33333333
30,3244,33.33333333
30,3274,33.33333333
29,3303,34.48275862
29,3332,34.48275862
29,3361,34.48275862
30,3391,33.33333333
29,3420,34.48275862
31,3451,32.25806452
29,3480,34.48275862
30,3510,33.33333333
29,3539,34.48275862
28,3567,35.71428571
29,3596,34.48275862
29,3625,34.48275862
30,3655,33.33333333
29,3684,34.48275862
31,3715,32.25806452
29,3744,34.48275862
30,3774,33.33333333
28,3802,35.71428571
29,3831,34.48275862
29,3860,34.48275862
29,3889,34.48275862
29,3918,34.48275862
30,3948,33.33333333
29,3977,34.48275862
29,4006,34.48275862
31,4037,32.25806452
29,4066,34.48275862
29,4095,34.48275862
29,4124,34.48275862
29,4153,34.48275862
29,4182,34.48275862
28,4210,35.71428571
29,4239,34.48275862
27,4266,37.03703704
27,4293,37.03703704
27,4320,37.03703704
27,4347,37.03703704
27,4374,37.03703704
27,4401,37.03703704
27,4428,37.03703704
27,4455,37.03703704
28,4483,35.71428571
28,4511,35.71428571
28,4539,35.71428571
29,4568,34.48275862
28,4596,35.71428571
28,4624,35.71428571
28,4652,35.71428571
29,4681,34.48275862
28,4709,35.71428571
28,4737,35.71428571
29,4766,34.48275862
27,4793,37.03703704
28,4821,35.71428571
27,4848,37.03703704
27,4875,37.03703704
27,4902,37.03703704
27,4929,37.03703704
27,4956,37.03703704
27,4983,37.03703704
26,5009,38.46153846
26,5035,38.46153846
26,5061,38.46153846
26,5087,38.46153846
26,5113,38.46153846
26,5139,38.46153846
26,5165,38.46153846
27,5192,37.03703704
26,5218,38.46153846
27,5245,37.03703704
25,5270,40.00000000
27,5297,37.03703704
26,5323,38.46153846
27,5350,37.03703704
26,5376,38.46153846
27,5403,37.03703704
27,5430,37.03703704
27,5457,37.03703704
27,5484,37.03703704
26,5510,38.46153846
27,5537,37.03703704
26,5563,38.46153846
27,5590,37.03703704
26,5616,38.46153846
26,5642,38.46153846
26,5668,38.46153846
26,5694,38.46153846
24,5718,41.66666667
26,5744,38.46153846
25,5769,40.00000000
25,5794,40.00000000
24,5818,41.66666667
25,5843,40.00000000
24,5867,41.66666667
23,5890,43.47826087
24,5914,41.66666667
23,5937,43.47826087
24,5961,41.66666667
23,5984,43.47826087
24,6008,41.66666667
23,6031,43.47826087
24,6055,41.66666667
23,6078,43.47826087
23,6101,43.47826087
24,6125,41.66666667
24,6149,41.66666667
24,6173,41.66666667
25,6198,40.00000000
24,6222,41.66666667
25,6247,40.00000000
24,6271,41.66666667
25,6296,40.00000000
26,6322,38.46153846
25,6347,40.00000000
25,6372,40.00000000
26,6398,38.46153846
26,6424,38.46153846
26,6450,38.46153846
26,6476,38.46153846
26,6502,38.46153846
27,6529,37.03703704
26,6555,38.46153846
27,6582,37.03703704
27,6609,37.03703704
27,6636,37.03703704
27,6663,37.03703704
27,6690,37.03703704
28,6718,35.71428571
27,6745,37.03703704
27,6772,37.03703704
28,6800,35.71428571
28,6828,35.71428571
27,6855,37.03703704
28,6883,35.71428571
29,6912,34.48275862
28,6940,35.71428571
28,6968,35.71428571
28,6996,35.71428571
29,7025,34.48275862
29,7054,34.48275862
30,7084,33.33333333
31,7115,32.25806452
31,7146,32.25806452
31,7177,32.25806452
33,7210,30.30303030
33,7243,30.30303030
33,7276,30.30303030
33,7309,30.30303030
34,7343,29.41176471
36,7379,27.77777778
34,7413,29.41176471
35,7448,28.57142857
35,7483,28.57142857
35,7518,28.57142857
35,7553,28.57142857
35,7588,28.57142857
33,7621,30.30303030
34,7655,29.41176471
33,7688,30.30303030
33,7721,30.30303030
33,7754,30.30303030
30,7784,33.33333333
30,7814,33.33333333
30,7844,33.33333333
28,7872,35.71428571
28,7900,35.71428571
27,7927,37.03703704
27,7954,37.03703704
26,7980,38.46153846
26,8006,38.46153846
26,8032,38.46153846
26,8058,38.46153846
25,8083,40.00000000
26,8109,38.46153846
25,8134,40.00000000
26,8160,38.46153846
25,8185,40.00000000
25,8210,40.00000000
26,8236,38.46153846
25,8261,40.00000000
25,8286,40.00000000
26,8312,38.46153846
25,8337,40.00000000
25,8362,40.00000000
26,8388,38.46153846
25,8413,40.00000000
25,8438,40.00000000
25,8463,40.00000000
25,8488,40.00000000
25,8513,40.00000000
22,8535,45.45454545
22,8557,45.45454545
22,8579,45.45454545
23,8602,43.47826087
26,8628,38.46153846
27,8655,37.03703704
30,8685,33.33333333
31,8716,32.25806452
34,8750,29.41176471
36,8786,27.77777778
37,8823,27.02702703
39,8862,25.64102564
40,8902,25.00000000
40,8942,25.00000000
42,8984,23.80952381
42,9026,23.80952381
42,9068,23.80952381
39,9107,25.64102564
39,9146,25.64102564
38,9184,26.31578947
33,9217,30.30303030
28,9245,35.71428571
26,9271,38.46153846
22,9293,45.45454545
20,9313,50.00000000
19,9332,52.63157895
18,9350,55.55555556
18,9368,55.55555556
18,9386,55.55555556
16,9402,62.50000000
17,9419,58.82352941
17,9436,58.82352941
16,9452,62.50000000
16,9468,62.50000000
16,9484,62.50000000
16,9500,62.50000000
16,9516,62.50000000
16,9532,62.50000000
15,9547,66.66666667
15,9562,66.66666667
16,9578,62.50000000
15,9593,66.66666667
15,9608,66.66666667
16,9624,62.50000000
15,9639,66.66666667
15,9654,66.66666667
15,9669,66.66666667
15,9684,66.66666667
15,9699,66.66666667
15,9714,66.66666667
15,9729,66.66666667
15,9744,66.66666667
15,9759,66.66666667
15,9774,66.66666667
15,9789,66.66666667
15,9804,66.66666667
15,9819,66.66666667
15,9834,66.66666667
14,9848,71.42857143
15,9863,66.66666667
16,9879,62.50000000
14,9893,71.42857143
15,9908,66.66666667
15,9923,66.66666667
15,9938,66.66666667
15,9953,66.66666667
14,9967,71.42857143
15,9982,66.66666667
15,9997,66.66666667
15,10012,66.66666667
15,10027,66.66666667
15,10042,66.66666667
15,10057,66.66666667
15,10072,66.66666667
15,10087,66.66666667
15,10102,66.66666667
15,10117,66.66666667
15,10132,66.66666667
15,10147,66.66666667
15,10162,66.66666667
14,10176,71.42857143
15,10191,66.66666667
15,10206,66.66666667
15,10221,66.66666667
15,10236,66.66666667
15,10251,66.66666667
15,10266,66.66666667
15,10281,66.66666667
15,10296,66.66666667
14,10310,71.42857143
15,10325,66.66666667
15,10340,66.66666667
15,10355,66.66666667
15,10370,66.66666667
14,10384,71.42857143
15,10399,66.66666667
15,10414,66.66666667
15,10429,66.66666667
15,10444,66.66666667
15,10459,66.66666667
15,10474,66.66666667
15,10489,66.66666667
15,10504,66.66666667
15,10519,66.66666667
14,10533,71.42857143
15,10548,66.66666667
15,10563,66.66666667
15,10578,66.66666667
15,10593,66.66666667
15,10608,66.66666667
15,10623,66.66666667
15,10638,66.66666667
15,10653,66.66666667
15,10668,66.66666667
15,10683,66.66666667
15,10698,66.66666667
15,10713,66.66666667
15,10728,66.66666667
15,10743,66.66666667
14,10757,71.42857143
15,10772,66.66666667
15,10787,66.66666667
15,10802,66.66666667
15,10817,66.66666667
15,10832,66.66666667
15,10847,66.66666667
15,10862,66.66666667
14,10876,71.42857143
15,10891,66.66666667
15,10906,66.66666667
15,10921,66.66666667
15,10936,66.66666667
15,10951,66.66666667
15,10966,66.66666667
14,10980,71.42857143
15,10995,66.66666667
15,11010,66.66666667
15,11025,66.66666667
15,11040,66.66666667
15,11055,66.66666667
14,11069,71.42857143
15,11084,66.66666667
15,11099,66.66666667
15,11114,66.66666667
15,11129,66.66666667
15,11144,66.66666667
15,11159,66.66666667
15,11174,66.66666667
15,11189,66.66666667
14,11203,71.42857143
15,11218,66.66666667
15,11233,66.66666667
15,11248,66.66666667
15,11263,66.66666667
15,11278,66.66666667
14,11292,71.42857143
15,11307,66.66666667
15,11322,66.66666667
15,11337,66.66666667
15,11352,66.66666667
15,11367,66.66666667
15,11382,66.66666667
15,11397,66.66666667
15,11412,66.66666667
14,11426,71.42857143
15,11441,66.66666667
15,11456,66.66666667
15,11471,66.66666667
15,11486,66.66666667
15,11501,66.66666667
14,11515,71.42857143
15,11530,66.66666667
15,11545,66.66666667
15,11560,66.66666667
15,11575,66.66666667
15,11590,66.66666667
15,11605,66.66666667
15,11620,66.66666667
15,11635,66.66666667
15,11650,66.66666667
14,11664,71.42857143
15,11679,66.66666667
15,11694,66.66666667
15,11709,66.66666667
15,11724,66.66666667
15,11739,66.66666667
14,11753,71.42857143
15,11768,66.66666667
15,11783,66.66666667
15,11798,66.66666667
15,11813,66.66666667
15,11828,66.66666667
14,11842,71.42857143
15,11857,66.66666667
15,11872,66.66666667
15,11887,66.66666667
15,11902,66.66666667
15,11917,66.66666667
15,11932,66.66666667
15,11947,66.66666667
15,11962,66.66666667
15,11977,66.66666667
14,11991,71.42857143
15,12006,66.66666667
15,12021,66.66666667
15,12036,66.66666667
15,12051,66.66666667
15,12066,66.66666667
15,12081,66.66666667
15,12096,66.66666667
16,12112,62.50000000
15,12127,66.66666667
16,12143,62.50000000
15,12158,66.66666667
16,12174,62.50000000
16,12190,62.50000000
15,12205,66.66666667
16,12221,62.50000000
16,12237,62.50000000
16,12253,62.50000000
16,12269,62.50000000
16,12285,62.50000000
16,12301,62.50000000
17,12318,58.82352941
16,12334,62.50000000
16,12350,62.50000000
16,12366,62.50000000
17,12383,58.82352941
16,12399,62.50000000
17,12416,58.82352941
16,12432,62.50000000
17,12449,58.82352941
16,12465,62.50000000
17,12482,58.82352941
17,12499,58.82352941
17,12516,58.82352941
17,12533,58.82352941
17,12550,58.82352941
17,12567,58.82352941
17,12584,58.82352941
18,12602,55.55555556
17,12619,58.82352941
17,12636,58.82352941
18,12654,55.55555556
17,12671,58.82352941
18,12689,55.55555556
17,12706,58.82352941
18,12724,55.55555556
18,12742,55.55555556
18,12760,55.55555556
17,12777,58.82352941
18,12795,55.55555556
18,12813,55.55555556
18,12831,55.55555556
18,12849,55.55555556
18,12867,55.55555556
18,12885,55.55555556
18,12903,55.55555556
18,12921,55.55555556
18,12939,55.55555556
18,12957,55.55555556
18,12975,55.55555556
18,12993,55.55555556
18,13011,55.55555556
18,13029,55.55555556
18,13047,55.55555556
17,13064,58.82352941
18,13082,55.55555556
18,13100,55.55555556
18,13118,55.55555556
18,13136,55.55555556
17,13153,58.82352941
18,13171,55.55555556
18,13189,55.55555556
18,13207,55.55555556
17,13224,58.82352941
18,13242,55.55555556
18,13260,55.55555556
18,13278,55.55555556
18,13296,55.55555556
18,13314,55.55555556
17,13331,58.82352941
19,13350,52.63157895
17,13367,58.82352941
18,13385,55.55555556
18,13403,55.55555556
18,13421,55.55555556
18,13439,55.55555556
19,13458,52.63157895
18,13476,55.55555556
18,13494,55.55555556
18,13512,55.55555556
18,13530,55.55555556
19,13549,52.63157895
18,13567,55.55555556
19,13586,52.63157895
18,13604,55.55555556
19,13623,52.63157895
18,13641,55.55555556
19,13660,52.63157895
18,13678,55.55555556
19,13697,52.63157895
18,13715,55.55555556
19,13734,52.63157895
19,13753,52.63157895
19,13772,52.63157895
19,13791,52.63157895
18,13809,55.55555556
20,13829,50.00000000
19,13848,52.63157895
19,13867,52.63157895
19,13886,52.63157895
19,13905,52.63157895
20,13925,50.00000000
19,13944,52.63157895
19,13963,52.63157895
19,13982,52.63157895
19,14001,52.63157895
20,14021,50.00000000
19,14040,52.63157895
19,14059,52.63157895
19,14078,52.63157895
19,14097,52.63157895
19,14116,52.63157895
20,14136,50.00000000
19,14155,52.63157895
20,14175,50.00000000
19,14194,52.63157895
20,14214,50.00000000
19,14233,52.63157895
20,14253,50.00000000
19,14272,52.63157895
19,14291,52.63157895
20,14311,50.00000000
20,14331,50.00000000
19,14350,52.63157895
19,14369,52.63157895
19,14388,52.63157895
20,14408,50.00000000
19,14427,52.63157895
19,14446,52.63157895
20,14466,50.00000000
20,14486,50.00000000
19,14505,52.63157895
20,14525,50.00000000
20,14545,50.00000000
19,14564,52.63157895
20,14584,50.00000000
20,14604,50.00000000
19,14623,52.63157895
20,14643,50.00000000
20,14663,50.00000000
20,14683,50.00000000
20,14703,50.00000000
20,14723,50.00000000
20,14743,50.00000000
20,14763,50.00000000
20,14783,50.00000000
20,14803,50.00000000
20,14823,50.00000000
21,14844,47.61904762
21,14865,47.61904762
20,14885,50.00000000
21,14906,47.61904762
21,14927,47.61904762
21,14948,47.61904762
21,14969,47.61904762
21,14990,47.61904762
21,15011,47.61904762
21,15032,47.61904762
22,15054,45.45454545
21,15075,47.61904762
22,15097,45.45454545
20,15117,50.00000000
22,15139,45.45454545
21,15160,47.61904762
22,15182,45.45454545
21,15203,47.61904762
22,15225,45.45454545
22,15247,45.45454545
21,15268,47.61904762
22,15290,45.45454545
21,15311,47.61904762
22,15333,45.45454545
22,15355,45.45454545
21,15376,47.61904762
22,15398,45.45454545
22,15420,45.45454545
21,15441,47.61904762
22,15463,45.45454545
21,15484,47.61904762
22,15506,45.45454545
22,15528,45.45454545
22,15550,45.45454545
21,15571,47.61904762
22,15593,45.45454545
22,15615,45.45454545
22,15637,45.45454545
22,15659,45.45454545
22,15681,45.45454545
22,15703,45.45454545
22,15725,45.45454545
22,15747,45.45454545
22,15769,45.45454545
22,15791,45.45454545
22,15813,45.45454545
22,15835,45.45454545
22,15857,45.45454545
23,15880,43.47826087
22,15902,45.45454545
22,15924,45.45454545
23,15947,43.47826087
22,15969,45.45454545
22,15991,45.45454545
23,16014,43.47826087
23,16037,43.47826087
22,16059,45.45454545
23,16082,43.47826087
23,16105,43.47826087
21,16126,47.61904762
22,16148,45.45454545
23,16171,43.47826087
22,16193,45.45454545
23,16216,43.47826087
22,16238,45.45454545
22,16260,45.45454545
23,16283,43.47826087
22,16305,45.45454545
22,16327,45.45454545
22,16349,45.45454545
22,16371,45.45454545
23,16394,43.47826087
23,16417,43.47826087
22,16439,45.45454545
22,16461,45.45454545
23,16484,43.47826087
22,16506,45.45454545
22,16528,45.45454545
23,16551,43.47826087
22,16573,45.45454545
23,16596,43.47826087
22,16618,45.45454545
22,16640,45.45454545
22,16662,45.45454545
22,16684,45.45454545
23,16707,43.47826087
22,16729,45.45454545
23,16752,43.47826087
22,16774,45.45454545
23,16797,43.47826087
22,16819,45.45454545
22,16841,45.45454545
22,16863,45.45454545
22,16885,45.45454545
23,16908,43.47826087
22,16930,45.45454545
22,16952,45.45454545
22,16974,45.45454545
22,16996,45.45454545
22,17018,45.45454545
23,17041,43.47826087
22,17063,45.45454545
22,17085,45.45454545
23,17108,43.47826087
22,17130,45.45454545
22,17152,45.45454545
22,17174,45.45454545
23,17197,43.47826087
22,17219,45.45454545
23,17242,43.47826087
22,17264,45.45454545
22,17286,45.45454545
22,17308,45.45454545
22,17330,45.45454545
22,17352,45.45454545
22,17374,45.45454545
22,17396,45.45454545
22,17418,45.45454545
22,17440,45.45454545
22,17462,45.45454545
22,17484,45.45454545
23,17507,43.47826087
22,17529,45.45454545
22,17551,45.45454545
22,17573,45.45454545
22,17595,45.45454545
22,17617,45.45454545
23,17640,43.47826087
22,17662,45.45454545
22,17684,45.45454545
22,17706,45.45454545
22,17728,45.45454545
22,17750,45.45454545
23,17773,43.47826087
22,17795,45.45454545
23,17818,43.47826087
22,17840,45.45454545
22,17862,45.45454545
22,17884,45.45454545
23,17907,43.47826087
22,17929,45.45454545
22,17951,45.45454545
23,17974,43.47826087
22,17996,45.45454545
22,18018,45.45454545
22,18040,45.45454545
22,18062,45.45454545
23,18085,43.47826087
22,18107,45.45454545
22,18129,45.45454545
22,18151,45.45454545
22,18173,45.45454545
22,18195,45.45454545
23,18218,43.47826087
23,18241,43.47826087
22,18263,45.45454545
22,18285,45.45454545
23,18308,43.47826087
21,18329,47.61904762
23,18352,43.47826087
22,18374,45.45454545
22,18396,45.45454545
23,18419,43.47826087
23,18442,43.47826087
23,18465,43.47826087
22,18487,45.45454545
22,18509,45.45454545
22,18531,45.45454545
22,18553,45.45454545
22,18575,45.45454545
23,18598,43.47826087
22,18620,45.45454545
23,18643,43.47826087
23,18666,43.47826087
22,18688,45.45454545
22,18710,45.45454545
22,18732,45.45454545
22,18754,45.45454545
23,18777,43.47826087
23,18800,43.47826087
23,18823,43.47826087
23,18846,43.47826087
23,18869,43.47826087
22,18891,45.45454545
23,18914,43.47826087
22,18936,45.45454545
23,18959,43.47826087
22,18981,45.45454545
23,19004,43.47826087
23,19027,43.47826087
23,19050,43.47826087
23,19073,43.47826087
23,19096,43.47826087
24,19120,41.66666667
23,19143,43.47826087
24,19167,41.66666667
23,19190,43.47826087
24,19214,41.66666667
23,19237,43.47826087
24,19261,41.66666667
23,19284,43.47826087
23,19307,43.47826087
24,19331,41.66666667
23,19354,43.47826087
23,19377,43.47826087
24,19401,41.66666667
23,19424,43.47826087
23,19447,43.47826087
23,19470,43.47826087
23,19493,43.47826087
22,19515,45.45454545
23,19538,43.47826087
22,19560,45.45454545
22,19582,45.45454545
22,19604,45.45454545
23,19627,43.47826087
23,19650,43.47826087
23,19673,43.47826087
23,19696,43.47826087
22,19718,45.45454545
23,19741,43.47826087
22,19763,45.45454545
23,19786,43.47826087
22,19808,45.45454545
22,19830,45.45454545
22,19852,45.45454545
23,19875,43.47826087
23,19898,43.47826087
23,19921,43.47826087
23,19944,43.47826087
22,19966,45.45454545
22,19988,45.45454545
22,20010,45.45454545
23,20033,43.47826087
22,20055,45.45454545
22,20077,45.45454545
23,20100,43.47826087
23,20123,43.47826087
22,20145,45.45454545
22,20167,45.45454545
22,20189,45.45454545
23,20212,43.47826087
22,20234,45.45454545
23,20257,43.47826087
22,20279,45.45454545
23,20302,43.47826087
22,20324,45.45454545
22,20346,45.45454545
22,20368,45.45454545
21,20389,47.61904762
23,20412,43.47826087
22,20434,45.45454545
23,20457,43.47826087
22,20479,45.45454545
22,20501,45.45454545
22,20523,45.45454545
22,20545,45.45454545
22,20567,45.45454545
23,20590,43.47826087
23,20613,43.47826087
22,20635,45.45454545
23,20658,43.47826087
22,20680,45.45454545
22,20702,45.45454545
22,20724,45.45454545
22,20746,45.45454545
23,20769,43.47826087
23,20792,43.47826087
22,20814,45.45454545
22,20836,45.45454545
23,20859,43.47826087
22,20881,45.45454545
22,20903,45.45454545
23,20926,43.47826087
22,20948,45.45454545
22,20970,45.45454545
23,20993,43.47826087
22,21015,45.45454545
23,21038,43.47826087
22,21060,45.45454545
22,21082,45.45454545
22,21104,45.45454545
22,21126,45.45454545
23,21149,43.47826087
23,21172,43.47826087
22,21194,45.45454545
22,21216,45.45454545
22,21238,45.45454545
23,21261,43.47826087
22,21283,45.45454545
22,21305,45.45454545
23,21328,43.47826087
23,21351,43.47826087
23,21374,43.47826087
22,21396,45.45454545
23,21419,43.47826087
22,21441,45.45454545
22,21463,45.45454545
23,21486,43.47826087
22,21508,45.45454545
23,21531,43.47826087
23,21554,43.47826087
23,21577,43.47826087
22,21599,45.45454545
23,21622,43.47826087
22,21644,45.45454545
22,21666,45.45454545
23,21689,43.47826087
22,21711,45.45454545
23,21734,43.47826087
22,21756,45.45454545
23,21779,43.47826087
22,21801,45.45454545
22,21823,45.45454545
22,21845,45.45454545
23,21868,43.47826087
22,21890,45.45454545
22,21912,45.45454545
22,21934,45.45454545
22,21956,45.45454545
22,21978,45.45454545
22,22000,45.45454545
22,22022,45.45454545
22,22044,45.45454545
21,22065,47.61904762
22,22087,45.45454545
22,22109,45.45454545
21,22130,47.61904762
21,22151,47.61904762
21,22172,47.61904762
22,22194,45.45454545
21,22215,47.61904762
20,22235,50.00000000
21,22256,47.61904762
20,22276,50.00000000
20,22296,50.00000000
21,22317,47.61904762
20,22337,50.00000000
20,22357,50.00000000
20,22377,50.00000000
20,22397,50.00000000
20,22417,50.00000000
20,22437,50.00000000
20,22457,50.00000000
19,22476,52.63157895
20,22496,50.00000000
20,22516,50.00000000
19,22535,52.63157895
20,22555,50.00000000
19,22574,52.63157895
19,22593,52.63157895
19,22612,52.63157895
19,22631,52.63157895
19,22650,52.63157895
19,22669,52.63157895
19,22688,52.63157895
19,22707,52.63157895
20,22727,50.00000000
18,22745,55.55555556
20,22765,50.00000000
18,22783,55.55555556
19,22802,52.63157895
19,22821,52.63157895
19,22840,52.63157895
19,22859,52.63157895
19,22878,52.63157895
19,22897,52.63157895
19,22916,52.63157895
19,22935,52.63157895
20,22955,50.00000000
19,22974,52.63157895
18,22992,55.55555556
19,23011,52.63157895
19,23030,52.63157895
19,23049,52.63157895
19,23068,52.63157895
19,23087,52.63157895
18,23105,55.55555556
19,23124,52.63157895
19,23143,52.63157895
19,23162,52.63157895
19,23181,52.63157895
19,23200,52.63157895
20,23220,50.00000000
19,23239,52.63157895
20,23259,50.00000000
19,23278,52.63157895
19,23297,52.63157895
19,23316,52.63157895
20,23336,50.00000000
19,23355,52.63157895
20,23375,50.00000000
20,23395,50.00000000
20,23415,50.00000000
19,23434,52.63157895
20,23454,50.00000000
20,23474,50.00000000
20,23494,50.00000000
20,23514,50.00000000
20,23534,50.00000000
21,23555,47.61904762
19,23574,52.63157895
21,23595,47.61904762
20,23615,50.00000000
20,23635,50.00000000
21,23656,47.61904762
21,23677,47.61904762
20,23697,50.00000000
21,23718,47.61904762
20,23738,50.00000000
21,23759,47.61904762
20,23779,50.00000000
20,23799,50.00000000
21,23820,47.61904762
20,23840,50.00000000
20,23860,50.00000000
20,23880,50.00000000
20,23900,50.00000000
20,23920,50.00000000
20,23940,50.00000000
20,23960,50.00000000
20,23980,50.00000000
21,24001,47.61904762
21,24022,47.61904762
20,24042,50.00000000
21,24063,47.61904762
21,24084,47.61904762
22,24106,45.45454545
21,24127,47.61904762
21,24148,47.61904762
22,24170,45.45454545
22,24192,45.45454545
22,24214,45.45454545
22,24236,45.45454545
22,24258,45.45454545
22,24280,45.45454545
23,24303,43.47826087
22,24325,45.45454545
22,24347,45.45454545
22,24369,45.45454545
22,24391,45.45454545
22,24413,45.45454545
22,24435,45.45454545
22,24457,45.45454545
21,24478,47.61904762
22,24500,45.45454545
21,24521,47.61904762
21,24542,47.61904762
21,24563,47.61904762
21,24584,47.61904762
22,24606,45.45454545
20,24626,50.00000000
21,24647,47.61904762
21,24668,47.61904762
21,24689,47.61904762
21,24710,47.61904762
21,24731,47.61904762
22,24753,45.45454545
21,24774,47.61904762
22,24796,45.45454545
22,24818,45.45454545
22,24840,45.45454545
21,24861,47.61904762
22,24883,45.45454545
21,24904,47.61904762
22,24926,45.45454545
22,24948,45.45454545
21,24969,47.61904762
21,24990,47.61904762
22,25012,45.45454545
21,25033,47.61904762
21,25054,47.61904762
21,25075,47.61904762
21,25096,47.61904762
22,25118,45.45454545
20,25138,50.00000000
21,25159,47.61904762
22,25181,45.45454545
20,25201,50.00000000
22,25223,45.45454545
21,25244,47.61904762
21,25265,47.61904762
21,25286,47.61904762
21,25307,47.61904762
22,25329,45.45454545
20,25349,50.00000000
21,25370,47.61904762
22,25392,45.45454545
21,25413,47.61904762
21,25434,47.61904762
22,25456,45.45454545
21,25477,47.61904762
21,25498,47.61904762
21,25519,47.61904762
22,25541,45.45454545
21,25562,47.61904762
22,25584,45.45454545
21,25605,47.61904762
22,25627,45.45454545
22,25649,45.45454545
21,25670,47.61904762
22,25692,45.45454545
21,25713,47.61904762
21,25734,47.61904762
22,25756,45.45454545
21,25777,47.61904762
22,25799,45.45454545
22,25821,45.45454545
21,25842,47.61904762
22,25864,45.45454545
22,25886,45.45454545
21,25907,47.61904762
21,25928,47.61904762
22,25950,45.45454545
22,25972,45.45454545
21,25993,47.61904762
22,26015,45.45454545
21,26036,47.61904762
22,26058,45.45454545
22,26080,45.45454545
21,26101,47.61904762
22,26123,45.45454545
22,26145,45.45454545
22,26167,45.45454545
21,26188,47.61904762
22,26210,45.45454545
22,26232,45.45454545
22,26254,45.45454545
22,26276,45.45454545
20,26296,50.00000000
22,26318,45.45454545
22,26340,45.45454545
22,26362,45.45454545
21,26383,47.61904762
22,26405,45.45454545
22,26427,45.45454545
22,26449,45.45454545
22,26471,45.45454545
22,26493,45.45454545
22,26515,45.45454545
21,26536,47.61904762
22,26558,45.45454545
21,26579,47.61904762
22,26601,45.45454545
21,26622,47.61904762
22,26644,45.45454545
21,26665,47.61904762
22,26687,45.45454545
22,26709,45.45454545
21,26730,47.61904762
21,26751,47.61904762
22,26773,45.45454545
22,26795,45.45454545
21,26816,47.61904762
22,26838,45.45454545
22,26860,45.45454545
22,26882,45.45454545
21,26903,47.61904762
21,26924,47.61904762
22,26946,45.45454545
21,26967,47.61904762
22,26989,45.45454545
22,27011,45.45454545
21,27032,47.61904762
22,27054,45.45454545
23,27077,43.47826087
21,27098,47.61904762
21,27119,47.61904762
22,27141,45.45454545
22,27163,45.45454545
22,27185,45.45454545
21,27206,47.61904762
22,27228,45.45454545
21,27249,47.61904762
22,27271,45.45454545
21,27292,47.61904762
22,27314,45.45454545
21,27335,47.61904762
21,27356,47.61904762
22,27378,45.45454545
22,27400,45.45454545
22,27422,45.45454545
21,27443,47.61904762
22,27465,45.45454545
21,27486,47.61904762
22,27508,45.45454545
21,27529,47.61904762
22,27551,45.45454545
22,27573,45.45454545
21,27594,47.61904762
21,27615,47.61904762
22,27637,45.45454545
21,27658,47.61904762
21,27679,47.61904762
22,27701,45.45454545
21,27722,47.61904762
21,27743,47.61904762
21,27764,47.61904762
22,27786,45.45454545
21,27807,47.61904762
21,27828,47.61904762
21,27849,47.61904762
21,27870,47.61904762
21,27891,47.61904762
21,27912,47.61904762
21,27933,47.61904762
20,27953,50.00000000
20,27973,50.00000000
21,27994,47.61904762
20,28014,50.00000000
20,28034,50.00000000
20,28054,50.00000000
21,28075,47.61904762
20,28095,50.00000000
21,28116,47.61904762
20,28136,50.00000000
20,28156,50.00000000
20,28176,50.00000000
20,28196,50.00000000
21,28217,47.61904762
20,28237,50.00000000
20,28257,50.00000000
21,28278,47.61904762
20,28298,50.00000000
21,28319,47.61904762
20,28339,50.00000000
20,28359,50.00000000
21,28380,47.61904762
20,28400,50.00000000
21,28421,47.61904762
21,28442,47.61904762
20,28462,50.00000000
21,28483,47.61904762
21,28504,47.61904762
21,28525,47.61904762
21,28546,47.61904762
21,28567,47.61904762
21,28588,47.61904762
21,28609,47.61904762
21,28630,47.61904762
20,28650,50.00000000
22,28672,45.45454545
21,28693,47.61904762
20,28713,50.00000000
22,28735,45.45454545
21,28756,47.61904762
22,28778,45.45454545
21,28799,47.61904762
21,28820,47.61904762
22,28842,45.45454545
21,28863,47.61904762
21,28884,47.61904762
21,28905,47.61904762
22,28927,45.45454545
20,28947,50.00000000
21,28968,47.61904762
21,28989,47.61904762
21,29010,47.61904762
21,29031,47.61904762
20,29051,50.00000000
20,29071,50.00000000
21,29092,47.61904762
20,29112,50.00000000
20,29132,50.00000000
20,29152,50.00000000
20,29172,50.00000000
20,29192,50.00000000
19,29211,52.63157895
20,29231,50.00000000
19,29250,52.63157895
20,29270,50.00000000
19,29289,52.63157895
20,29309,50.00000000
20,29329,50.00000000
19,29348,52.63157895
20,29368,50.00000000
20,29388,50.00000000
19,29407,52.63157895
19,29426,52.63157895
20,29446,50.00000000
19,29465,52.63157895
20,29485,50.00000000
19,29504,52.63157895
19,29523,52.63157895
20,29543,50.00000000
19,29562,52.63157895
20,29582,50.00000000
19,29601,52.63157895
20,29621,50.00000000
19,29640,52.63157895
20,29660,50.00000000
20,29680,50.00000000
19,29699,52.63157895
20,29719,50.00000000
19,29738,52.63157895
20,29758,50.00000000
19,29777,52.63157895
20,29797,50.00000000
20,29817,50.00000000
19,29836,52.63157895
20,29856,50.00000000
20,29876,50.00000000
19,29895,52.63157895
20,29915,50.00000000
19,29934,52.63157895
20,29954,50.00000000
19,29973,52.63157895
20,29993,50.00000000
20,30013,50.00000000
20,30033,50.00000000
20,30053,50.00000000
20,30073,50.00000000
20,30093,50.00000000
20,30113,50.00000000
20,30133,50.00000000
20,30153,50.00000000
19,30172,52.63157895
21,30193,47.61904762
19,30212,52.63157895
20,30232,50.00000000
20,30252,50.00000000
21,30273,47.61904762
20,30293,50.00000000
20,30313,50.00000000
20,30333,50.00000000
20,30353,50.00000000
20,30373,50.00000000
20,30393,50.00000000
20,30413,50.00000000
20,30433,50.00000000
20,30453,50.00000000
20,30473,50.00000000
20,30493,50.00000000
20,30513,50.00000000
20,30533,50.00000000
21,30554,47.61904762
19,30573,52.63157895
20,30593,50.00000000
20,30613,50.00000000
21,30634,47.61904762
19,30653,52.63157895
21,30674,47.61904762
19,30693,52.63157895
21,30714,47.61904762
20,30734,50.00000000
20,30754,50.00000000
20,30774,50.00000000
20,30794,50.00000000
20,30814,50.00000000
20,30834,50.00000000
20,30854,50.00000000
20,30874,50.00000000
20,30894,50.00000000
20,30914,50.00000000
21,30935,47.61904762
20,30955,50.00000000
20,30975,50.00000000
20,30995,50.00000000
20,31015,50.00000000
21,31036,47.61904762
20,31056,50.00000000
21,31077,47.61904762
20,31097,50.00000000
21,31118,47.61904762
20,31138,50.00000000
20,31158,50.00000000
20,31178,50.00000000
20,31198,50.00000000
21,31219,47.61904762
20,31239,50.00000000
20,31259,50.00000000
21,31280,47.61904762
20,31300,50.00000000
20,31320,50.00000000
20,31340,50.00000000
21,31361,47.61904762
20,31381,50.00000000
21,31402,47.61904762
21,31423,47.61904762
20,31443,50.00000000
20,31463,50.00000000
20,31483,50.00000000
21,31504,47.61904762
20,31524,50.00000000
20,31544,50.00000000
21,31565,47.61904762
20,31585,50.00000000
22,31607,45.45454545
20,31627,50.00000000
21,31648,47.61904762
21,31669,47.61904762
20,31689,50.00000000
21,31710,47.61904762
21,31731,47.61904762
21,31752,47.61904762
21,31773,47.61904762
20,31793,50.00000000
21,31814,47.61904762
21,31835,47.61904762
21,31856,47.61904762
21,31877,47.61904762
21,31898,47.61904762
20,31918,50.00000000
21,31939,47.61904762
21,31960,47.61904762
21,31981,47.61904762
21,32002,47.61904762
21,32023,47.61904762
21,32044,47.61904762
20,32064,50.00000000
21,32085,47.61904762
21,32106,47.61904762
20,32126,50.00000000
21,32147,47.61904762
21,32168,47.61904762
20,32188,50.00000000
21,32209,47.61904762
20,32229,50.00000000
21,32250,47.61904762
21,32271,47.61904762
20,32291,50.00000000
21,32312,47.61904762
21,32333,47.61904762
20,32353,50.00000000
21,32374,47.61904762
21,32395,47.61904762
21,32416,47.61904762
21,32437,47.61904762
21,32458,47.61904762
21,32479,47.61904762
20,32499,50.00000000
21,32520,47.61904762
21,32541,47.61904762
20,32561,50.00000000
21,32582,47.61904762
21,32603,47.61904762
20,32623,50.00000000
21,32644,47.61904762
21,32665,47.61904762
21,32686,47.61904762
21,32707,47.61904762
22,32729,45.45454545
20,32749,50.00000000
22,32771,45.45454545
21,32792,47.61904762
21,32813,47.61904762
22,32835,45.45454545
21,32856,47.61904762
21,32877,47.61904762
21,32898,47.61904762
21,32919,47.61904762
21,32940,47.61904762
22,32962,45.45454545
21,32983,47.61904762
21,33004,47.61904762
21,33025,47.61904762
22,33047,45.45454545
21,33068,47.61904762
22,33090,45.45454545
21,33111,47.61904762
21,33132,47.61904762
22,33154,45.45454545
21,33175,47.61904762
21,33196,47.61904762
22,33218,45.45454545
22,33240,45.45454545
20,33260,50.00000000
22,33282,45.45454545
21,33303,47.61904762
21,33324,47.61904762
22,33346,45.45454545
22,33368,45.45454545
22,33390,45.45454545
21,33411,47.61904762
22,33433,45.45454545
22,33455,45.45454545
21,33476,47.61904762
21,33497,47.61904762
22,33519,45.45454545
21,33540,47.61904762
22,33562,45.45454545
21,33583,47.61904762
22,33605,45.45454545
21,33626,47.61904762
22,33648,45.45454545
22,33670,45.45454545
22,33692,45.45454545
22,33714,45.45454545
22,33736,45.45454545
23,33759,43.47826087
22,33781,45.45454545
22,33803,45.45454545
23,33826,43.47826087
22,33848,45.45454545
23,33871,43.47826087
23,33894,43.47826087
22,33916,45.45454545
22,33938,45.45454545
23,33961,43.47826087
23,33984,43.47826087
22,34006,45.45454545
22,34028,45.45454545
23,34051,43.47826087
22,34073,45.45454545
23,34096,43.47826087
22,34118,45.45454545
23,34141,43.47826087
23,34164,43.47826087
23,34187,43.47826087
22,34209,45.45454545
23,34232,43.47826087
23,34255,43.47826087
23,34278,43.47826087
23,34301,43.47826087
22,34323,45.45454545
23,34346,43.47826087
24,34370,41.66666667
23,34393,43.47826087
22,34415,45.45454545
24,34439,41.66666667
23,34462,43.47826087
23,34485,43.47826087
24,34509,41.66666667
24,34533,41.66666667
23,34556,43.47826087
23,34579,43.47826087
24,34603,41.66666667
24,34627,41.66666667
24,34651,41.66666667
23,34674,43.47826087
23,34697,43.47826087
24,34721,41.66666667
24,34745,41.66666667
23,34768,43.47826087
24,34792,41.66666667
23,34815,43.47826087
23,34838,43.47826087
24,34862,41.66666667
24,34886,41.66666667
23,34909,43.47826087
23,34932,43.47826087
23,34955,43.47826087
23,34978,43.47826087
24,35002,41.66666667
25,35027,40.00000000
23,35050,43.47826087
24,35074,41.66666667
25,35099,40.00000000
23,35122,43.47826087
25,35147,40.00000000
24,35171,41.66666667
24,35195,41.66666667
25,35220,40.00000000
24,35244,41.66666667
24,35268,41.66666667
25,35293,40.00000000
24,35317,41.66666667
25,35342,40.00000000
25,35367,40.00000000
23,35390,43.47826087
25,35415,40.00000000
25,35440,40.00000000
23,35463,43.47826087
24,35487,41.66666667
25,35512,40.00000000
23,35535,43.47826087
24,35559,41.66666667
24,35583,41.66666667
24,35607,41.66666667
24,35631,41.66666667
23,35654,43.47826087
24,35678,41.66666667
24,35702,41.66666667
23,35725,43.47826087
25,35750,40.00000000
23,35773,43.47826087
23,35796,43.47826087
25,35821,40.00000000
23,35844,43.47826087
24,35868,41.66666667
23,35891,43.47826087
25,35916,40.00000000
25,35941,40.00000000
24,35965,41.66666667
26,35991,38.46153846
24,36015,41.66666667
25,36040,40.00000000
25,36065,40.00000000
25,36090,40.00000000
26,36116,38.46153846
24,36140,41.66666667
26,36166,38.46153846
25,36191,40.00000000
25,36216,40.00000000
26,36242,38.46153846
25,36267,40.00000000
27,36294,37.03703704
26,36320,38.46153846
26,36346,38.46153846
25,36371,40.00000000
27,36398,37.03703704
28,36426,35.71428571
29,36455,34.48275862
32,36487,31.25000000
35,36522,28.57142857
36,36558,27.77777778
40,36598,25.00000000
40,36638,25.00000000
41,36679,24.39024390
44,36723,22.72727273
44,36767,22.72727273
45,36812,22.22222222
45,36857,22.22222222
46,36903,21.73913043
47,36950,21.27659574
47,36997,21.27659574
56,37053,17.85714286
66,37119,15.15151515
80,37199,12.50000000
97,37296,10.30927835
102,37398,9.80392157
80,37478,12.50000000
66,37544,15.15151515
63,37607,15.87301587
59,37666,16.94915254
60,37726,16.66666667
58,37784,17.24137931
57,37841,17.54385965
55,37896,18.18181818
55,37951,18.18181818
55,38006,18.18181818
55,38061,18.18181818
54,38115,18.51851852
59,38174,16.94915254
56,38230,17.85714286
58,38288,17.24137931
57,38345,17.54385965
57,38402,17.54385965
58,38460,17.24137931
58,38518,17.24137931
58,38576,17.24137931
59,38635,16.94915254
58,38693,17.24137931
56,38749,17.85714286
54,38803,18.51851852
52,38855,19.23076923
52,38907,19.23076923
51,38958,19.60784314
52,39010,19.23076923
50,39060,20.00000000
51,39111,19.60784314
51,39162,19.60784314
51,39213,19.60784314
52,39265,19.23076923
52,39317,19.23076923
51,39368,19.60784314
51,39419,19.60784314
52,39471,19.23076923
51,39522,19.60784314
52,39574,19.23076923
52,39626,19.23076923
50,39676,20.00000000
51,39727,19.60784314
50,39777,20.00000000
50,39827,20.00000000
50,39877,20.00000000
50,39927,20.00000000
49,39976,20.40816327
50,40026,20.00000000
51,40077,19.60784314
50,40127,20.00000000
50,40177,20.00000000
51,40228,19.60784314
50,40278,20.00000000
50,40328,20.00000000
51,40379,19.60784314
50,40429,20.00000000
52,40481,19.23076923
50,40531,20.00000000
51,40582,19.60784314
51,40633,19.60784314
53,40686,18.86792453
52,40738,19.23076923
52,40790,19.23076923
51,40841,19.60784314
50,40891,20.00000000
52,40943,19.23076923
50,40993,20.00000000
51,41044,19.60784314
52,41096,19.23076923
52,41148,19.23076923
51,41199,19.60784314
52,41251,19.23076923
51,41302,19.60784314
51,41353,19.60784314
51,41404,19.60784314
52,41456,19.23076923
51,41507,19.60784314
51,41558,19.60784314
52,41610,19.23076923
53,41663,18.86792453
51,41714,19.60784314
52,41766,19.23076923
52,41818,19.23076923
51,41869,19.60784314
53,41922,18.86792453
52,41974,19.23076923
53,42027,18.86792453
52,42079,19.23076923
51,42130,19.60784314
53,42183,18.86792453
50,42233,20.00000000
51,42284,19.60784314
50,42334,20.00000000
50,42384,20.00000000
51,42435,19.60784314
51,42486,19.60784314
50,42536,20.00000000
51,42587,19.60784314
51,42638,19.60784314
52,42690,19.23076923
52,42742,19.23076923
52,42794,19.23076923
53,42847,18.86792453
52,42899,19.23076923
53,42952,18.86792453
53,43005,18.86792453
52,43057,19.23076923
53,43110,18.86792453
53,43163,18.86792453
53,43216,18.86792453
54,43270,18.51851852
53,43323,18.86792453
53,43376,18.86792453
51,43427,19.60784314
52,43479,19.23076923
50,43529,20.00000000
52,43581,19.23076923
51,43632,19.60784314
51,43683,19.60784314
52,43735,19.23076923
53,43788,18.86792453
51,43839,19.60784314
52,43891,19.23076923
52,43943,19.23076923
52,43995,19.23076923
52,44047,19.23076923
52,44099,19.23076923
52,44151,19.23076923
53,44204,18.86792453
54,44258,18.51851852
53,44311,18.86792453
53,44364,18.86792453
54,44418,18.51851852
52,44470,19.23076923
53,44523,18.86792453
53,44576,18.86792453
53,44629,18.86792453
55,44684,18.18181818
55,44739,18.18181818
54,44793,18.51851852
55,44848,18.18181818
53,44901,18.86792453
55,44956,18.18181818
56,45012,17.85714286
53,45065,18.86792453
55,45120,18.18181818
54,45174,18.51851852
53,45227,18.86792453
55,45282,18.18181818
54,45336,18.51851852
54,45390,18.51851852
54,45444,18.51851852
55,45499,18.18181818
57,45556,17.54385965
55,45611,18.18181818
57,45668,17.54385965
54,45722,18.51851852
55,45777,18.18181818
56,45833,17.85714286
55,45888,18.18181818
54,45942,18.51851852
55,45997,18.18181818
57,46054,17.54385965
54,46108,18.51851852
56,46164,17.85714286
55,46219,18.18181818
53,46272,18.86792453
55,46327,18.18181818
55,46382,18.18181818
56,46438,17.85714286
55,46493,18.18181818
56,46549,17.85714286
54,46603,18.51851852
54,46657,18.51851852
54,46711,18.51851852
53,46764,18.86792453
55,46819,18.18181818
55,46874,18.18181818
53,46927,18.86792453
55,46982,18.18181818
58,47040,17.24137931
72,47112,13.88888889
99,47211,10.10101010
133,47344,7.51879699
131,47475,7.63358779
135,47610,7.40740741
133,47743,7.51879699
136,47879,7.35294118
136,48015,7.35294118
131,48146,7.63358779
136,48282,7.35294118
137,48419,7.29927007
136,48555,7.35294118
136,48691,7.35294118
137,48828,7.29927007
133,48961,7.51879699
137,49098,7.29927007
135,49233,7.40740741
136,49369,7.35294118
134,49503,7.46268657
137,49640,7.29927007
139,49779,7.19424460
139,49918,7.19424460
139,50057,7.19424460
134,50191,7.46268657
141,50332,7.09219858
141,50473,7.09219858
138,50611,7.24637681
140,50751,7.14285714
139,50890,7.19424460
138,51028,7.24637681
141,51169,7.09219858
146,51315,6.84931507
141,51456,7.09219858
143,51599,6.99300699
140,51739,7.14285714
136,51875,7.35294118
139,52014,7.19424460
141,52155,7.09219858
140,52295,7.14285714
138,52433,7.24637681
144,52577,6.94444444
139,52716,7.19424460
143,52859,6.99300699
141,53000,7.09219858
140,53140,7.14285714
143,53283,6.99300699
140,53423,7.14285714
143,53566,6.99300699
141,53707,7.09219858
138,53845,7.24637681
137,53982,7.29927007
138,54120,7.24637681
141,54261,7.09219858
138,54399,7.24637681
92,54491,10.86956522
71,54562,14.08450704
65,54627,15.38461538
62,54689,16.12903226
59,54748,16.94915254
57,54805,17.54385965
48,54853,20.83333333
43,54896,23.25581395
39,54935,25.64102564
35,54970,28.57142857
35,55005,28.57142857
34,55039,29.41176471
33,55072,30.30303030
33,55105,30.30303030
32,55137,31.25000000
33,55170,30.30303030
34,55204,29.41176471
31,55235,32.25806452
30,55265,33.33333333
31,55296,32.25806452
32,55328,31.25000000
30,55358,33.33333333
32,55390,31.25000000
31,55421,32.25806452
31,55452,32.25806452
32,55484,31.25000000
31,55515,32.25806452
31,55546,32.25806452
31,55577,32.25806452
31,55608,32.25806452
31,55639,32.25806452
32,55671,31.25000000
31,55702,32.25806452
30,55732,33.33333333
31,55763,32.25806452
31,55794,32.25806452
31,55825,32.25806452
32,55857,31.25000000
31,55888,32.25806452
31,55919,32.25806452
31,55950,32.25806452
31,55981,32.25806452
30,56011,33.33333333
30,56041,33.33333333
30,56071,33.33333333
29,56100,34.48275862
30,56130,33.33333333
29,56159,34.48275862
27,56186,37.03703704
29,56215,34.48275862
29,56244,34.48275862
29,56273,34.48275862
29,56302,34.48275862
28,56330,35.71428571
28,56358,35.71428571
29,56387,34.48275862
29,56416,34.48275862
28,56444,35.71428571
27,56471,37.03703704
28,56499,35.71428571
29,56528,34.48275862
28,56556,35.71428571
26,56582,38.46153846
29,56611,34.48275862
28,56639,35.71428571
28,56667,35.71428571
27,56694,37.03703704
28,56722,35.71428571
29,56751,34.48275862
27,56778,37.03703704
28,56806,35.71428571
29,56835,34.48275862
29,56864,34.48275862
29,56893,34.48275862
26,56919,38.46153846
28,56947,35.71428571
28,56975,35.71428571
27,57002,37.03703704
27,57029,37.03703704
29,57058,34.48275862
29,57087,34.48275862
28,57115,35.71428571
27,57142,37.03703704
28,57170,35.71428571
29,57199,34.48275862
30,57229,33.33333333
27,57256,37.03703704
27,57283,37.03703704
29,57312,34.48275862
29,57341,34.48275862
29,57370,34.48275862
27,57397,37.03703704
28,57425,35.71428571
29,57454,34.48275862
29,57483,34.48275862
29,57512,34.48275862
27,57539,37.03703704
28,57567,35.71428571
29,57596,34.48275862
29,57625,34.48275862
29,57654,34.48275862
27,57681,37.03703704
28,57709,35.71428571
29,57738,34.48275862
29,57767,34.48275862
28,57795,35.71428571
27,57822,37.03703704
28,57850,35.71428571
29,57879,34.48275862
28,57907,35.71428571
27,57934,37.03703704
28,57962,35.71428571
29,57991,34.48275862
29,58020,34.48275862
28,58048,35.71428571
27,58075,37.03703704
28,58103,35.71428571
29,58132,34.48275862
29,58161,34.48275862
29,58190,34.48275862
27,58217,37.03703704
28,58245,35.71428571
30,58275,33.33333333
29,58304,34.48275862
29,58333,34.48275862
29,58362,34.48275862
27,58389,37.03703704
29,58418,34.48275862
29,58447,34.48275862
29,58476,34.48275862
29,58505,34.48275862
27,58532,37.03703704
28,58560,35.71428571
29,58589,34.48275862
30,58619,33.33333333
30,58649,33.33333333
32,58681,31.25000000
38,58719,26.31578947
42,58761,23.80952381
46,58807,21.73913043
51,58858,19.60784314
56,58914,17.85714286
63,58977,15.87301587
69,59046,14.49275362
78,59124,12.82051282
92,59216,10.86956522
103,59319,9.70873786
121,59440,8.26446281
151,59591,6.62251656
181,59772,5.52486188
247,60019,4.04858300
454,60473,2.20264317
,-99705
